"","x.squared","parameter","p.value"
"X-squared",2114.55861647229,3,0
"X-squared1",220.590506799112,3,1.49647375550964e-47
"X-squared2",1229.59507307454,3,2.77968948440917e-266
