"","x.squared","parameter","p.value"
"X-squared",1600.3863897037,1,0
"X-squared1",262.055898522825,1,6.11485289714342e-59
"X-squared2",3370.15135228528,1,0
