"","x.squared","parameter","p.value"
"X-squared",103.008860502825,1,3.33652639902587e-24
"X-squared1",25.4623711987254,1,4.51095731261148e-07
"X-squared2",181.912893203481,1,1.85255045553879e-41
